-- =================================================================
-- Supabase seed: 10 simulated patients
-- Tables: patients, devices, patient_lab_results, scenario_ground_truth
-- wearable_fault_log (2170 rows) -> use load_simulator_output.py instead
-- =================================================================

-- 1. patients (10 rows)
INSERT INTO public.patients
  (patient_id, mimic_subject_id, name, age, height_cm, weight_kg, gender,
   age_group, pregnancy_status, lifestyle, activity_level, risk_factors,
   medical_history, health_status, baseline_signals, status)
VALUES
  ('P001', 10009035, 'Nguyen Minh Quan', 28, 175, 72, 'male', 'young', 'none', 'moderately_active', 'medium', '["heart_disease_risk"]'::jsonb, 'Mitral valve disorder; post-procedure monitoring', 'WARNING', '{"heart_rate": 86, "respiratory_rate": 16.0, "stress_score": 42, "systolic_bp": 116, "diastolic_bp": 72, "spo2": 97, "hrv_rmssd_morning": 44, "ecg_rhythm": "sinus_tachycardia"}'::jsonb, 'active'),
  ('P002', 10038933, 'Tran Duc Anh', 34, 175, 78, 'male', 'young', 'none', 'sedentary', 'low', '["diabetes_risk", "liver_risk"]'::jsonb, 'Type II diabetes; elevated liver enzymes; encephalopathy episode', 'WARNING', '{"heart_rate": 84, "respiratory_rate": 17.0, "stress_score": 48, "systolic_bp": 136, "diastolic_bp": 68, "spo2": 96, "hrv_rmssd_morning": 38, "ecg_rhythm": "sinus_rhythm"}'::jsonb, 'active'),
  ('P003', 10014729, 'Le Thanh Mai', 21, 168, 73, 'female', 'young', 'none', 'sedentary', 'low', '["anemia_risk"]'::jsonb, 'Post-surgical anemia; recovering from thoracotomy', 'WARNING', '{"heart_rate": 92, "respiratory_rate": 16.5, "stress_score": 44, "systolic_bp": 116, "diastolic_bp": 70, "spo2": 97, "hrv_rmssd_morning": 42, "ecg_rhythm": "sinus_rhythm"}'::jsonb, 'active'),
  ('P004', 10008454, 'Pham Ngoc Linh', 26, 170, 82, 'female', 'young', 'none', 'sedentary', 'low', '["anemia_risk", "liver_risk"]'::jsonb, 'Multiple rib fractures; anemia; elevated liver enzymes; obesity', 'WARNING', '{"heart_rate": 92, "respiratory_rate": 18.0, "stress_score": 46, "systolic_bp": 118, "diastolic_bp": 68, "spo2": 95, "hrv_rmssd_morning": 38, "ecg_rhythm": "sinus_rhythm"}'::jsonb, 'active'),
  ('P005', 10010867, 'Hoang Thu Ha', 28, 170, 95, 'female', 'young', 'pregnant', 'low_activity', 'low', '["anemia_risk"]'::jsonb, 'Pregnancy monitoring; obese BMI 32.9; gestational anemia', 'WARNING', '{"heart_rate": 88, "respiratory_rate": 18.0, "stress_score": 42, "systolic_bp": 120, "diastolic_bp": 62, "spo2": 98, "hrv_rmssd_morning": 42, "ecg_rhythm": "sinus_rhythm"}'::jsonb, 'active'),
  ('P006', 10022880, 'Nguyen Van Hung', 66, 180, 95, 'male', 'elderly', 'none', 'low_activity', 'low', '["arrhythmia_risk", "hypertension_risk"]'::jsonb, 'Atrial fibrillation; long-term anticoagulant use; history of TIA; hip replacement', 'CRITICAL', '{"heart_rate": 84, "respiratory_rate": 16.0, "stress_score": 52, "systolic_bp": 138, "diastolic_bp": 82, "spo2": 96, "hrv_rmssd_morning": 52, "ecg_rhythm": "atrial_fibrillation"}'::jsonb, 'active'),
  ('P007', 10016150, 'Tran Quoc Bao', 69, 183, 89, 'male', 'elderly', 'none', 'low_activity', 'low', '["heart_disease_risk", "ckd_risk"]'::jsonb, 'Cardiomyopathy; chronic kidney disease; elevated bilirubin; cardiac catheterization history; ventricular pacing', 'CRITICAL', '{"heart_rate": 72, "respiratory_rate": 18.0, "stress_score": 52, "systolic_bp": 148, "diastolic_bp": 76, "spo2": 96, "hrv_rmssd_morning": 26, "ecg_rhythm": "sinus_rhythm"}'::jsonb, 'active'),
  ('P008', 10016810, 'Le Thi Hoa', 66, 158, 62, 'female', 'elderly', 'none', 'sedentary', 'low', '["diabetes_risk", "low_spo2_risk"]'::jsonb, 'Type II diabetes; tobacco use disorder; hypotension; appendicitis history', 'WARNING', '{"heart_rate": 72, "respiratory_rate": 18.0, "stress_score": 46, "systolic_bp": 112, "diastolic_bp": 62, "spo2": 93, "hrv_rmssd_morning": 32, "ecg_rhythm": "sinus_rhythm"}'::jsonb, 'active'),
  ('P009', 10027602, 'Pham Thi Lan', 71, 159, 56, 'female', 'elderly', 'none', 'low_activity', 'low', '["hypertension_risk", "anemia_risk"]'::jsonb, 'Controlled hypertension; mild anemia; lung disease; ADHD', 'WARNING', '{"heart_rate": 78, "respiratory_rate": 17.0, "stress_score": 44, "systolic_bp": 122, "diastolic_bp": 70, "spo2": 96, "hrv_rmssd_morning": 30, "ecg_rhythm": "sinus_rhythm"}'::jsonb, 'active'),
  ('P010', 10023239, 'Nguyen Thi Bich', 29, 165, 82, 'female', 'young', 'pregnant', 'low_activity', 'low', '["diabetes_risk", "anemia_risk"]'::jsonb, 'Type 1 diabetes with DKA history; insulin pump; epilepsy; hypothyroidism; high-risk pregnancy', 'CRITICAL', '{"heart_rate": 96, "respiratory_rate": 20.0, "stress_score": 56, "systolic_bp": 116, "diastolic_bp": 68, "spo2": 96, "hrv_rmssd_morning": 32, "ecg_rhythm": "sinus_tachycardia"}'::jsonb, 'active')
ON CONFLICT (patient_id) DO UPDATE SET
  mimic_subject_id = EXCLUDED.mimic_subject_id,
  name             = EXCLUDED.name,
  age              = EXCLUDED.age,
  height_cm        = EXCLUDED.height_cm,
  weight_kg        = EXCLUDED.weight_kg,
  gender           = EXCLUDED.gender,
  age_group        = EXCLUDED.age_group,
  pregnancy_status = EXCLUDED.pregnancy_status,
  lifestyle        = EXCLUDED.lifestyle,
  activity_level   = EXCLUDED.activity_level,
  risk_factors     = EXCLUDED.risk_factors,
  medical_history  = EXCLUDED.medical_history,
  health_status    = EXCLUDED.health_status,
  baseline_signals = EXCLUDED.baseline_signals;

-- 2. devices (10 rows)
INSERT INTO public.devices (device_id, patient_id, device_type, status)
VALUES
  ('SIM_WATCH_P001', 'P001', 'simulator', 'active'),
  ('SIM_WATCH_P002', 'P002', 'simulator', 'active'),
  ('SIM_WATCH_P003', 'P003', 'simulator', 'active'),
  ('SIM_WATCH_P004', 'P004', 'simulator', 'active'),
  ('SIM_WATCH_P005', 'P005', 'simulator', 'active'),
  ('SIM_WATCH_P006', 'P006', 'simulator', 'active'),
  ('SIM_WATCH_P007', 'P007', 'simulator', 'active'),
  ('SIM_WATCH_P008', 'P008', 'simulator', 'active'),
  ('SIM_WATCH_P009', 'P009', 'simulator', 'active'),
  ('SIM_WATCH_P010', 'P010', 'simulator', 'active')
ON CONFLICT (device_id) DO UPDATE SET
  patient_id = EXCLUDED.patient_id,
  status     = EXCLUDED.status;

-- 3. patient_lab_results (10 x 17 = 170 rows)
INSERT INTO public.patient_lab_results
  (lab_result_id, patient_id, sampled_at, panel_type, test_name,
   value_numeric, unit, source)
VALUES
  ('P001_chemistry_glucose_mg_dl', 'P001', '2026-06-09', 'chemistry', 'glucose_mg_dl', 124.0, 'mg/dL', 'simulator'),
  ('P001_chemistry_creatinine_mg_dl', 'P001', '2026-06-09', 'chemistry', 'creatinine_mg_dl', 0.9, 'mg/dL', 'simulator'),
  ('P001_chemistry_sodium_meq_l', 'P001', '2026-06-09', 'chemistry', 'sodium_meq_l', 138.0, 'mEq/L', 'simulator'),
  ('P001_chemistry_potassium_meq_l', 'P001', '2026-06-09', 'chemistry', 'potassium_meq_l', 4.1, 'mEq/L', 'simulator'),
  ('P001_chemistry_chloride_meq_l', 'P001', '2026-06-09', 'chemistry', 'chloride_meq_l', 102.0, 'mEq/L', 'simulator'),
  ('P001_chemistry_bicarbonate_meq_l', 'P001', '2026-06-09', 'chemistry', 'bicarbonate_meq_l', 29.0, 'mEq/L', 'simulator'),
  ('P001_chemistry_urea_nitrogen_mg_dl', 'P001', '2026-06-09', 'chemistry', 'urea_nitrogen_mg_dl', 14.0, 'mg/dL', 'simulator'),
  ('P001_chemistry_calcium_mg_dl', 'P001', '2026-06-09', 'chemistry', 'calcium_mg_dl', 8.7, 'mg/dL', 'simulator'),
  ('P001_chemistry_alt_iu_l', 'P001', '2026-06-09', 'chemistry', 'alt_iu_l', 16.0, 'IU/L', 'simulator'),
  ('P001_chemistry_ast_iu_l', 'P001', '2026-06-09', 'chemistry', 'ast_iu_l', 18.0, 'IU/L', 'simulator'),
  ('P001_chemistry_bilirubin_total_mg_dl', 'P001', '2026-06-09', 'chemistry', 'bilirubin_total_mg_dl', 0.5, 'mg/dL', 'simulator'),
  ('P001_hematology_hemoglobin_g_dl', 'P001', '2026-06-09', 'hematology', 'hemoglobin_g_dl', 11.4, 'g/dL', 'simulator'),
  ('P001_hematology_hematocrit_pct', 'P001', '2026-06-09', 'hematology', 'hematocrit_pct', 32.8, '%', 'simulator'),
  ('P001_hematology_white_blood_cells_k_ul', 'P001', '2026-06-09', 'hematology', 'white_blood_cells_k_ul', 11.9, 'K/uL', 'simulator'),
  ('P001_hematology_platelet_count_k_ul', 'P001', '2026-06-09', 'hematology', 'platelet_count_k_ul', 186.0, 'K/uL', 'simulator'),
  ('P001_hematology_inr', 'P001', '2026-06-09', 'hematology', 'inr', 1.3, 'ratio', 'simulator'),
  ('P001_hematology_ptt_sec', 'P001', '2026-06-09', 'hematology', 'ptt_sec', 28.4, 'sec', 'simulator'),
  ('P002_chemistry_glucose_mg_dl', 'P002', '2026-06-09', 'chemistry', 'glucose_mg_dl', 171.0, 'mg/dL', 'simulator'),
  ('P002_chemistry_creatinine_mg_dl', 'P002', '2026-06-09', 'chemistry', 'creatinine_mg_dl', 0.6, 'mg/dL', 'simulator'),
  ('P002_chemistry_sodium_meq_l', 'P002', '2026-06-09', 'chemistry', 'sodium_meq_l', 136.0, 'mEq/L', 'simulator'),
  ('P002_chemistry_potassium_meq_l', 'P002', '2026-06-09', 'chemistry', 'potassium_meq_l', 4.0, 'mEq/L', 'simulator'),
  ('P002_chemistry_chloride_meq_l', 'P002', '2026-06-09', 'chemistry', 'chloride_meq_l', 100.0, 'mEq/L', 'simulator'),
  ('P002_chemistry_bicarbonate_meq_l', 'P002', '2026-06-09', 'chemistry', 'bicarbonate_meq_l', 25.0, 'mEq/L', 'simulator'),
  ('P002_chemistry_urea_nitrogen_mg_dl', 'P002', '2026-06-09', 'chemistry', 'urea_nitrogen_mg_dl', 11.0, 'mg/dL', 'simulator'),
  ('P002_chemistry_calcium_mg_dl', 'P002', '2026-06-09', 'chemistry', 'calcium_mg_dl', 8.8, 'mg/dL', 'simulator'),
  ('P002_chemistry_alt_iu_l', 'P002', '2026-06-09', 'chemistry', 'alt_iu_l', 64.5, 'IU/L', 'simulator'),
  ('P002_chemistry_ast_iu_l', 'P002', '2026-06-09', 'chemistry', 'ast_iu_l', 89.5, 'IU/L', 'simulator'),
  ('P002_chemistry_bilirubin_total_mg_dl', 'P002', '2026-06-09', 'chemistry', 'bilirubin_total_mg_dl', 0.7, 'mg/dL', 'simulator'),
  ('P002_hematology_hemoglobin_g_dl', 'P002', '2026-06-09', 'hematology', 'hemoglobin_g_dl', 14.2, 'g/dL', 'simulator'),
  ('P002_hematology_hematocrit_pct', 'P002', '2026-06-09', 'hematology', 'hematocrit_pct', 41.0, '%', 'simulator'),
  ('P002_hematology_white_blood_cells_k_ul', 'P002', '2026-06-09', 'hematology', 'white_blood_cells_k_ul', 15.6, 'K/uL', 'simulator'),
  ('P002_hematology_platelet_count_k_ul', 'P002', '2026-06-09', 'hematology', 'platelet_count_k_ul', 304.0, 'K/uL', 'simulator'),
  ('P002_hematology_inr', 'P002', '2026-06-09', 'hematology', 'inr', 1.3, 'ratio', 'simulator'),
  ('P002_hematology_ptt_sec', 'P002', '2026-06-09', 'hematology', 'ptt_sec', 28.3, 'sec', 'simulator'),
  ('P003_chemistry_glucose_mg_dl', 'P003', '2026-06-09', 'chemistry', 'glucose_mg_dl', 100.0, 'mg/dL', 'simulator'),
  ('P003_chemistry_creatinine_mg_dl', 'P003', '2026-06-09', 'chemistry', 'creatinine_mg_dl', 0.6, 'mg/dL', 'simulator'),
  ('P003_chemistry_sodium_meq_l', 'P003', '2026-06-09', 'chemistry', 'sodium_meq_l', 138.0, 'mEq/L', 'simulator'),
  ('P003_chemistry_potassium_meq_l', 'P003', '2026-06-09', 'chemistry', 'potassium_meq_l', 3.8, 'mEq/L', 'simulator'),
  ('P003_chemistry_chloride_meq_l', 'P003', '2026-06-09', 'chemistry', 'chloride_meq_l', 103.0, 'mEq/L', 'simulator'),
  ('P003_chemistry_bicarbonate_meq_l', 'P003', '2026-06-09', 'chemistry', 'bicarbonate_meq_l', 25.0, 'mEq/L', 'simulator'),
  ('P003_chemistry_urea_nitrogen_mg_dl', 'P003', '2026-06-09', 'chemistry', 'urea_nitrogen_mg_dl', 7.0, 'mg/dL', 'simulator'),
  ('P003_chemistry_calcium_mg_dl', 'P003', '2026-06-09', 'chemistry', 'calcium_mg_dl', 8.3, 'mg/dL', 'simulator'),
  ('P003_chemistry_alt_iu_l', 'P003', '2026-06-09', 'chemistry', 'alt_iu_l', 21.0, 'IU/L', 'simulator'),
  ('P003_chemistry_ast_iu_l', 'P003', '2026-06-09', 'chemistry', 'ast_iu_l', 18.0, 'IU/L', 'simulator'),
  ('P003_chemistry_bilirubin_total_mg_dl', 'P003', '2026-06-09', 'chemistry', 'bilirubin_total_mg_dl', 0.2, 'mg/dL', 'simulator'),
  ('P003_hematology_hemoglobin_g_dl', 'P003', '2026-06-09', 'hematology', 'hemoglobin_g_dl', 9.2, 'g/dL', 'simulator'),
  ('P003_hematology_hematocrit_pct', 'P003', '2026-06-09', 'hematology', 'hematocrit_pct', 27.0, '%', 'simulator'),
  ('P003_hematology_white_blood_cells_k_ul', 'P003', '2026-06-09', 'hematology', 'white_blood_cells_k_ul', 13.4, 'K/uL', 'simulator'),
  ('P003_hematology_platelet_count_k_ul', 'P003', '2026-06-09', 'hematology', 'platelet_count_k_ul', 280.0, 'K/uL', 'simulator'),
  ('P003_hematology_inr', 'P003', '2026-06-09', 'hematology', 'inr', 1.2, 'ratio', 'simulator'),
  ('P003_hematology_ptt_sec', 'P003', '2026-06-09', 'hematology', 'ptt_sec', 29.8, 'sec', 'simulator'),
  ('P004_chemistry_glucose_mg_dl', 'P004', '2026-06-09', 'chemistry', 'glucose_mg_dl', 218.0, 'mg/dL', 'simulator'),
  ('P004_chemistry_creatinine_mg_dl', 'P004', '2026-06-09', 'chemistry', 'creatinine_mg_dl', 0.6, 'mg/dL', 'simulator'),
  ('P004_chemistry_sodium_meq_l', 'P004', '2026-06-09', 'chemistry', 'sodium_meq_l', 138.0, 'mEq/L', 'simulator'),
  ('P004_chemistry_potassium_meq_l', 'P004', '2026-06-09', 'chemistry', 'potassium_meq_l', 3.8, 'mEq/L', 'simulator'),
  ('P004_chemistry_chloride_meq_l', 'P004', '2026-06-09', 'chemistry', 'chloride_meq_l', 104.0, 'mEq/L', 'simulator'),
  ('P004_chemistry_bicarbonate_meq_l', 'P004', '2026-06-09', 'chemistry', 'bicarbonate_meq_l', 25.0, 'mEq/L', 'simulator'),
  ('P004_chemistry_urea_nitrogen_mg_dl', 'P004', '2026-06-09', 'chemistry', 'urea_nitrogen_mg_dl', 10.0, 'mg/dL', 'simulator'),
  ('P004_chemistry_calcium_mg_dl', 'P004', '2026-06-09', 'chemistry', 'calcium_mg_dl', 8.2, 'mg/dL', 'simulator'),
  ('P004_chemistry_alt_iu_l', 'P004', '2026-06-09', 'chemistry', 'alt_iu_l', 160.5, 'IU/L', 'simulator'),
  ('P004_chemistry_ast_iu_l', 'P004', '2026-06-09', 'chemistry', 'ast_iu_l', 163.5, 'IU/L', 'simulator'),
  ('P004_chemistry_bilirubin_total_mg_dl', 'P004', '2026-06-09', 'chemistry', 'bilirubin_total_mg_dl', 0.7, 'mg/dL', 'simulator'),
  ('P004_hematology_hemoglobin_g_dl', 'P004', '2026-06-09', 'hematology', 'hemoglobin_g_dl', 10.4, 'g/dL', 'simulator'),
  ('P004_hematology_hematocrit_pct', 'P004', '2026-06-09', 'hematology', 'hematocrit_pct', 28.8, '%', 'simulator'),
  ('P004_hematology_white_blood_cells_k_ul', 'P004', '2026-06-09', 'hematology', 'white_blood_cells_k_ul', 11.0, 'K/uL', 'simulator'),
  ('P004_hematology_platelet_count_k_ul', 'P004', '2026-06-09', 'hematology', 'platelet_count_k_ul', 261.0, 'K/uL', 'simulator'),
  ('P004_hematology_inr', 'P004', '2026-06-09', 'hematology', 'inr', 1.3, 'ratio', 'simulator'),
  ('P004_hematology_ptt_sec', 'P004', '2026-06-09', 'hematology', 'ptt_sec', 23.1, 'sec', 'simulator'),
  ('P005_chemistry_glucose_mg_dl', 'P005', '2026-06-09', 'chemistry', 'glucose_mg_dl', 112.0, 'mg/dL', 'simulator'),
  ('P005_chemistry_creatinine_mg_dl', 'P005', '2026-06-09', 'chemistry', 'creatinine_mg_dl', 0.6, 'mg/dL', 'simulator'),
  ('P005_chemistry_sodium_meq_l', 'P005', '2026-06-09', 'chemistry', 'sodium_meq_l', 139.0, 'mEq/L', 'simulator'),
  ('P005_chemistry_potassium_meq_l', 'P005', '2026-06-09', 'chemistry', 'potassium_meq_l', 4.0, 'mEq/L', 'simulator'),
  ('P005_chemistry_chloride_meq_l', 'P005', '2026-06-09', 'chemistry', 'chloride_meq_l', 105.0, 'mEq/L', 'simulator'),
  ('P005_chemistry_bicarbonate_meq_l', 'P005', '2026-06-09', 'chemistry', 'bicarbonate_meq_l', 25.0, 'mEq/L', 'simulator'),
  ('P005_chemistry_urea_nitrogen_mg_dl', 'P005', '2026-06-09', 'chemistry', 'urea_nitrogen_mg_dl', 9.0, 'mg/dL', 'simulator'),
  ('P005_chemistry_calcium_mg_dl', 'P005', '2026-06-09', 'chemistry', 'calcium_mg_dl', 8.5, 'mg/dL', 'simulator'),
  ('P005_chemistry_alt_iu_l', 'P005', '2026-06-09', 'chemistry', 'alt_iu_l', NULL, 'IU/L', 'simulator'),
  ('P005_chemistry_ast_iu_l', 'P005', '2026-06-09', 'chemistry', 'ast_iu_l', NULL, 'IU/L', 'simulator'),
  ('P005_chemistry_bilirubin_total_mg_dl', 'P005', '2026-06-09', 'chemistry', 'bilirubin_total_mg_dl', NULL, 'mg/dL', 'simulator'),
  ('P005_hematology_hemoglobin_g_dl', 'P005', '2026-06-09', 'hematology', 'hemoglobin_g_dl', 9.5, 'g/dL', 'simulator'),
  ('P005_hematology_hematocrit_pct', 'P005', '2026-06-09', 'hematology', 'hematocrit_pct', 30.7, '%', 'simulator'),
  ('P005_hematology_white_blood_cells_k_ul', 'P005', '2026-06-09', 'hematology', 'white_blood_cells_k_ul', 10.0, 'K/uL', 'simulator'),
  ('P005_hematology_platelet_count_k_ul', 'P005', '2026-06-09', 'hematology', 'platelet_count_k_ul', 259.0, 'K/uL', 'simulator'),
  ('P005_hematology_inr', 'P005', '2026-06-09', 'hematology', 'inr', 1.1, 'ratio', 'simulator'),
  ('P005_hematology_ptt_sec', 'P005', '2026-06-09', 'hematology', 'ptt_sec', 27.3, 'sec', 'simulator'),
  ('P006_chemistry_glucose_mg_dl', 'P006', '2026-06-09', 'chemistry', 'glucose_mg_dl', 123.0, 'mg/dL', 'simulator'),
  ('P006_chemistry_creatinine_mg_dl', 'P006', '2026-06-09', 'chemistry', 'creatinine_mg_dl', 1.0, 'mg/dL', 'simulator'),
  ('P006_chemistry_sodium_meq_l', 'P006', '2026-06-09', 'chemistry', 'sodium_meq_l', 139.0, 'mEq/L', 'simulator'),
  ('P006_chemistry_potassium_meq_l', 'P006', '2026-06-09', 'chemistry', 'potassium_meq_l', 4.1, 'mEq/L', 'simulator'),
  ('P006_chemistry_chloride_meq_l', 'P006', '2026-06-09', 'chemistry', 'chloride_meq_l', 104.0, 'mEq/L', 'simulator'),
  ('P006_chemistry_bicarbonate_meq_l', 'P006', '2026-06-09', 'chemistry', 'bicarbonate_meq_l', 26.0, 'mEq/L', 'simulator'),
  ('P006_chemistry_urea_nitrogen_mg_dl', 'P006', '2026-06-09', 'chemistry', 'urea_nitrogen_mg_dl', 14.0, 'mg/dL', 'simulator'),
  ('P006_chemistry_calcium_mg_dl', 'P006', '2026-06-09', 'chemistry', 'calcium_mg_dl', 8.7, 'mg/dL', 'simulator'),
  ('P006_chemistry_alt_iu_l', 'P006', '2026-06-09', 'chemistry', 'alt_iu_l', NULL, 'IU/L', 'simulator'),
  ('P006_chemistry_ast_iu_l', 'P006', '2026-06-09', 'chemistry', 'ast_iu_l', NULL, 'IU/L', 'simulator'),
  ('P006_chemistry_bilirubin_total_mg_dl', 'P006', '2026-06-09', 'chemistry', 'bilirubin_total_mg_dl', NULL, 'mg/dL', 'simulator'),
  ('P006_hematology_hemoglobin_g_dl', 'P006', '2026-06-09', 'hematology', 'hemoglobin_g_dl', 12.7, 'g/dL', 'simulator'),
  ('P006_hematology_hematocrit_pct', 'P006', '2026-06-09', 'hematology', 'hematocrit_pct', 37.1, '%', 'simulator'),
  ('P006_hematology_white_blood_cells_k_ul', 'P006', '2026-06-09', 'hematology', 'white_blood_cells_k_ul', 8.3, 'K/uL', 'simulator'),
  ('P006_hematology_platelet_count_k_ul', 'P006', '2026-06-09', 'hematology', 'platelet_count_k_ul', 159.0, 'K/uL', 'simulator'),
  ('P006_hematology_inr', 'P006', '2026-06-09', 'hematology', 'inr', 1.2, 'ratio', 'simulator'),
  ('P006_hematology_ptt_sec', 'P006', '2026-06-09', 'hematology', 'ptt_sec', 29.3, 'sec', 'simulator'),
  ('P007_chemistry_glucose_mg_dl', 'P007', '2026-06-09', 'chemistry', 'glucose_mg_dl', 149.0, 'mg/dL', 'simulator'),
  ('P007_chemistry_creatinine_mg_dl', 'P007', '2026-06-09', 'chemistry', 'creatinine_mg_dl', 0.9, 'mg/dL', 'simulator'),
  ('P007_chemistry_sodium_meq_l', 'P007', '2026-06-09', 'chemistry', 'sodium_meq_l', 138.0, 'mEq/L', 'simulator'),
  ('P007_chemistry_potassium_meq_l', 'P007', '2026-06-09', 'chemistry', 'potassium_meq_l', 3.8, 'mEq/L', 'simulator'),
  ('P007_chemistry_chloride_meq_l', 'P007', '2026-06-09', 'chemistry', 'chloride_meq_l', 102.0, 'mEq/L', 'simulator'),
  ('P007_chemistry_bicarbonate_meq_l', 'P007', '2026-06-09', 'chemistry', 'bicarbonate_meq_l', 23.0, 'mEq/L', 'simulator'),
  ('P007_chemistry_urea_nitrogen_mg_dl', 'P007', '2026-06-09', 'chemistry', 'urea_nitrogen_mg_dl', 24.0, 'mg/dL', 'simulator'),
  ('P007_chemistry_calcium_mg_dl', 'P007', '2026-06-09', 'chemistry', 'calcium_mg_dl', 8.8, 'mg/dL', 'simulator'),
  ('P007_chemistry_alt_iu_l', 'P007', '2026-06-09', 'chemistry', 'alt_iu_l', 22.0, 'IU/L', 'simulator'),
  ('P007_chemistry_ast_iu_l', 'P007', '2026-06-09', 'chemistry', 'ast_iu_l', 15.0, 'IU/L', 'simulator'),
  ('P007_chemistry_bilirubin_total_mg_dl', 'P007', '2026-06-09', 'chemistry', 'bilirubin_total_mg_dl', 2.1, 'mg/dL', 'simulator'),
  ('P007_hematology_hemoglobin_g_dl', 'P007', '2026-06-09', 'hematology', 'hemoglobin_g_dl', 15.5, 'g/dL', 'simulator'),
  ('P007_hematology_hematocrit_pct', 'P007', '2026-06-09', 'hematology', 'hematocrit_pct', 45.8, '%', 'simulator'),
  ('P007_hematology_white_blood_cells_k_ul', 'P007', '2026-06-09', 'hematology', 'white_blood_cells_k_ul', 7.4, 'K/uL', 'simulator'),
  ('P007_hematology_platelet_count_k_ul', 'P007', '2026-06-09', 'hematology', 'platelet_count_k_ul', 144.0, 'K/uL', 'simulator'),
  ('P007_hematology_inr', 'P007', '2026-06-09', 'hematology', 'inr', 1.3, 'ratio', 'simulator'),
  ('P007_hematology_ptt_sec', 'P007', '2026-06-09', 'hematology', 'ptt_sec', 38.8, 'sec', 'simulator'),
  ('P008_chemistry_glucose_mg_dl', 'P008', '2026-06-09', 'chemistry', 'glucose_mg_dl', 140.0, 'mg/dL', 'simulator'),
  ('P008_chemistry_creatinine_mg_dl', 'P008', '2026-06-09', 'chemistry', 'creatinine_mg_dl', 0.6, 'mg/dL', 'simulator'),
  ('P008_chemistry_sodium_meq_l', 'P008', '2026-06-09', 'chemistry', 'sodium_meq_l', 133.0, 'mEq/L', 'simulator'),
  ('P008_chemistry_potassium_meq_l', 'P008', '2026-06-09', 'chemistry', 'potassium_meq_l', 3.7, 'mEq/L', 'simulator'),
  ('P008_chemistry_chloride_meq_l', 'P008', '2026-06-09', 'chemistry', 'chloride_meq_l', 98.0, 'mEq/L', 'simulator'),
  ('P008_chemistry_bicarbonate_meq_l', 'P008', '2026-06-09', 'chemistry', 'bicarbonate_meq_l', 24.0, 'mEq/L', 'simulator'),
  ('P008_chemistry_urea_nitrogen_mg_dl', 'P008', '2026-06-09', 'chemistry', 'urea_nitrogen_mg_dl', 14.0, 'mg/dL', 'simulator'),
  ('P008_chemistry_calcium_mg_dl', 'P008', '2026-06-09', 'chemistry', 'calcium_mg_dl', 8.2, 'mg/dL', 'simulator'),
  ('P008_chemistry_alt_iu_l', 'P008', '2026-06-09', 'chemistry', 'alt_iu_l', 16.0, 'IU/L', 'simulator'),
  ('P008_chemistry_ast_iu_l', 'P008', '2026-06-09', 'chemistry', 'ast_iu_l', 18.0, 'IU/L', 'simulator'),
  ('P008_chemistry_bilirubin_total_mg_dl', 'P008', '2026-06-09', 'chemistry', 'bilirubin_total_mg_dl', 0.7, 'mg/dL', 'simulator'),
  ('P008_hematology_hemoglobin_g_dl', 'P008', '2026-06-09', 'hematology', 'hemoglobin_g_dl', 12.2, 'g/dL', 'simulator'),
  ('P008_hematology_hematocrit_pct', 'P008', '2026-06-09', 'hematology', 'hematocrit_pct', 35.6, '%', 'simulator'),
  ('P008_hematology_white_blood_cells_k_ul', 'P008', '2026-06-09', 'hematology', 'white_blood_cells_k_ul', 13.9, 'K/uL', 'simulator'),
  ('P008_hematology_platelet_count_k_ul', 'P008', '2026-06-09', 'hematology', 'platelet_count_k_ul', 238.0, 'K/uL', 'simulator'),
  ('P008_hematology_inr', 'P008', '2026-06-09', 'hematology', 'inr', 1.3, 'ratio', 'simulator'),
  ('P008_hematology_ptt_sec', 'P008', '2026-06-09', 'hematology', 'ptt_sec', 25.2, 'sec', 'simulator'),
  ('P009_chemistry_glucose_mg_dl', 'P009', '2026-06-09', 'chemistry', 'glucose_mg_dl', 138.0, 'mg/dL', 'simulator'),
  ('P009_chemistry_creatinine_mg_dl', 'P009', '2026-06-09', 'chemistry', 'creatinine_mg_dl', 0.6, 'mg/dL', 'simulator'),
  ('P009_chemistry_sodium_meq_l', 'P009', '2026-06-09', 'chemistry', 'sodium_meq_l', 139.0, 'mEq/L', 'simulator'),
  ('P009_chemistry_potassium_meq_l', 'P009', '2026-06-09', 'chemistry', 'potassium_meq_l', 3.7, 'mEq/L', 'simulator'),
  ('P009_chemistry_chloride_meq_l', 'P009', '2026-06-09', 'chemistry', 'chloride_meq_l', 103.0, 'mEq/L', 'simulator'),
  ('P009_chemistry_bicarbonate_meq_l', 'P009', '2026-06-09', 'chemistry', 'bicarbonate_meq_l', 26.0, 'mEq/L', 'simulator'),
  ('P009_chemistry_urea_nitrogen_mg_dl', 'P009', '2026-06-09', 'chemistry', 'urea_nitrogen_mg_dl', 13.0, 'mg/dL', 'simulator'),
  ('P009_chemistry_calcium_mg_dl', 'P009', '2026-06-09', 'chemistry', 'calcium_mg_dl', 8.4, 'mg/dL', 'simulator'),
  ('P009_chemistry_alt_iu_l', 'P009', '2026-06-09', 'chemistry', 'alt_iu_l', NULL, 'IU/L', 'simulator'),
  ('P009_chemistry_ast_iu_l', 'P009', '2026-06-09', 'chemistry', 'ast_iu_l', NULL, 'IU/L', 'simulator'),
  ('P009_chemistry_bilirubin_total_mg_dl', 'P009', '2026-06-09', 'chemistry', 'bilirubin_total_mg_dl', NULL, 'mg/dL', 'simulator'),
  ('P009_hematology_hemoglobin_g_dl', 'P009', '2026-06-09', 'hematology', 'hemoglobin_g_dl', 11.0, 'g/dL', 'simulator'),
  ('P009_hematology_hematocrit_pct', 'P009', '2026-06-09', 'hematology', 'hematocrit_pct', 33.0, '%', 'simulator'),
  ('P009_hematology_white_blood_cells_k_ul', 'P009', '2026-06-09', 'hematology', 'white_blood_cells_k_ul', 12.6, 'K/uL', 'simulator'),
  ('P009_hematology_platelet_count_k_ul', 'P009', '2026-06-09', 'hematology', 'platelet_count_k_ul', 297.0, 'K/uL', 'simulator'),
  ('P009_hematology_inr', 'P009', '2026-06-09', 'hematology', 'inr', 1.1, 'ratio', 'simulator'),
  ('P009_hematology_ptt_sec', 'P009', '2026-06-09', 'hematology', 'ptt_sec', 25.2, 'sec', 'simulator'),
  ('P010_chemistry_glucose_mg_dl', 'P010', '2026-06-09', 'chemistry', 'glucose_mg_dl', 235.0, 'mg/dL', 'simulator'),
  ('P010_chemistry_creatinine_mg_dl', 'P010', '2026-06-09', 'chemistry', 'creatinine_mg_dl', 1.0, 'mg/dL', 'simulator'),
  ('P010_chemistry_sodium_meq_l', 'P010', '2026-06-09', 'chemistry', 'sodium_meq_l', 135.0, 'mEq/L', 'simulator'),
  ('P010_chemistry_potassium_meq_l', 'P010', '2026-06-09', 'chemistry', 'potassium_meq_l', 4.2, 'mEq/L', 'simulator'),
  ('P010_chemistry_chloride_meq_l', 'P010', '2026-06-09', 'chemistry', 'chloride_meq_l', 100.0, 'mEq/L', 'simulator'),
  ('P010_chemistry_bicarbonate_meq_l', 'P010', '2026-06-09', 'chemistry', 'bicarbonate_meq_l', 19.0, 'mEq/L', 'simulator'),
  ('P010_chemistry_urea_nitrogen_mg_dl', 'P010', '2026-06-09', 'chemistry', 'urea_nitrogen_mg_dl', 15.0, 'mg/dL', 'simulator'),
  ('P010_chemistry_calcium_mg_dl', 'P010', '2026-06-09', 'chemistry', 'calcium_mg_dl', 8.9, 'mg/dL', 'simulator'),
  ('P010_chemistry_alt_iu_l', 'P010', '2026-06-09', 'chemistry', 'alt_iu_l', 41.0, 'IU/L', 'simulator'),
  ('P010_chemistry_ast_iu_l', 'P010', '2026-06-09', 'chemistry', 'ast_iu_l', 31.0, 'IU/L', 'simulator'),
  ('P010_chemistry_bilirubin_total_mg_dl', 'P010', '2026-06-09', 'chemistry', 'bilirubin_total_mg_dl', 0.4, 'mg/dL', 'simulator'),
  ('P010_hematology_hemoglobin_g_dl', 'P010', '2026-06-09', 'hematology', 'hemoglobin_g_dl', 11.6, 'g/dL', 'simulator'),
  ('P010_hematology_hematocrit_pct', 'P010', '2026-06-09', 'hematology', 'hematocrit_pct', 34.6, '%', 'simulator'),
  ('P010_hematology_white_blood_cells_k_ul', 'P010', '2026-06-09', 'hematology', 'white_blood_cells_k_ul', 8.5, 'K/uL', 'simulator'),
  ('P010_hematology_platelet_count_k_ul', 'P010', '2026-06-09', 'hematology', 'platelet_count_k_ul', 216.0, 'K/uL', 'simulator'),
  ('P010_hematology_inr', 'P010', '2026-06-09', 'hematology', 'inr', 1.1, 'ratio', 'simulator'),
  ('P010_hematology_ptt_sec', 'P010', '2026-06-09', 'hematology', 'ptt_sec', 28.5, 'sec', 'simulator')
ON CONFLICT (patient_id, sampled_at, panel_type, test_name) DO UPDATE SET
  value_numeric = EXCLUDED.value_numeric,
  unit          = EXCLUDED.unit,
  source        = EXCLUDED.source;

-- 4. scenario_ground_truth (abnormal episodes from simulator)
INSERT INTO public.scenario_ground_truth
  (episode_id, patient_id, device_id, episode_type,
   start_time, end_time, duration_seconds, duration_minutes,
   peak_heart_rate, min_heart_rate,
   systolic_bp_delta_min, systolic_bp_delta_max,
   diastolic_bp_delta_min, diastolic_bp_delta_max,
   spo2_delta_min, spo2_delta_max,
   severity, status)
VALUES
  ('P001_arrhythmia_episode_20260615T001039Z', 'P001', 'SIM_WATCH_P001', 'arrhythmia_episode', '2026-06-15T00:10:39Z', '2026-06-15T00:29:44Z', 1145, 19.1, 120, 75, NULL, NULL, NULL, NULL, NULL, NULL, 'medium', 'abnormal'),
  ('P001_arrhythmia_episode_20260615T040249Z', 'P001', 'SIM_WATCH_P001', 'arrhythmia_episode', '2026-06-15T04:02:49Z', '2026-06-15T04:06:26Z', 217, 3.6, 130, 75, NULL, NULL, NULL, NULL, NULL, NULL, 'medium', 'abnormal'),
  ('P001_arrhythmia_episode_20260615T040948Z', 'P001', 'SIM_WATCH_P001', 'arrhythmia_episode', '2026-06-15T04:09:48Z', '2026-06-15T04:29:33Z', 1185, 19.8, 121, 78, NULL, NULL, NULL, NULL, NULL, NULL, 'medium', 'abnormal'),
  ('P001_tachycardia_20260615T050058Z', 'P001', 'SIM_WATCH_P001', 'tachycardia', '2026-06-15T05:00:58Z', '2026-06-15T05:20:11Z', 1153, 19.2, 153, 93, 20, 40, 8, 15, -2.0, -1.0, 'high', 'abnormal'),
  ('P001_arrhythmia_episode_20260615T055919Z', 'P001', 'SIM_WATCH_P001', 'arrhythmia_episode', '2026-06-15T05:59:19Z', '2026-06-15T06:16:33Z', 1034, 17.2, 138, 100, NULL, NULL, NULL, NULL, NULL, NULL, 'medium', 'abnormal'),
  ('P001_tachycardia_20260615T062310Z', 'P001', 'SIM_WATCH_P001', 'tachycardia', '2026-06-15T06:23:10Z', '2026-06-15T06:46:01Z', 1371, 22.9, 143, 86, 20, 40, 8, 15, -2.0, -1.0, 'high', 'abnormal'),
  ('P001_spo2_drop_20260615T073649Z', 'P001', 'SIM_WATCH_P001', 'spo2_drop', '2026-06-15T07:36:49Z', '2026-06-15T07:41:34Z', 285, 4.8, 99, 82, 5, 15, 2, 6, -8.0, -4.0, 'high', 'abnormal'),
  ('P001_tachycardia_20260615T074959Z', 'P001', 'SIM_WATCH_P001', 'tachycardia', '2026-06-15T07:49:59Z', '2026-06-15T07:55:49Z', 350, 5.8, 134, 94, 20, 40, 8, 15, -2.0, -1.0, 'high', 'abnormal'),
  ('P001_hypertension_episode_20260615T162444Z', 'P001', 'SIM_WATCH_P001', 'hypertension_episode', '2026-06-15T16:24:44Z', '2026-06-15T16:40:38Z', 954, 15.9, 111, 86, 30, 60, 15, 30, -3.0, -1.0, 'high', 'abnormal'),
  ('P001_hypertension_episode_20260615T202935Z', 'P001', 'SIM_WATCH_P001', 'hypertension_episode', '2026-06-15T20:29:35Z', '2026-06-15T20:40:16Z', 641, 10.7, 126, 89, 30, 60, 15, 30, -3.0, -1.0, 'high', 'abnormal'),
  ('P001_stress_episode_20260615T224840Z', 'P001', 'SIM_WATCH_P001', 'stress_episode', '2026-06-15T22:48:40Z', '2026-06-15T23:06:39Z', 1079, 18.0, 142, 85, 12, 25, 5, 12, -2.0, 0.0, 'low', 'abnormal'),
  ('P002_spo2_drop_20260615T015449Z', 'P002', 'SIM_WATCH_P002', 'spo2_drop', '2026-06-15T01:54:49Z', '2026-06-15T02:05:48Z', 659, 11.0, 90, 75, 5, 15, 2, 6, -8.0, -4.0, 'high', 'abnormal'),
  ('P002_arrhythmia_episode_20260615T062020Z', 'P002', 'SIM_WATCH_P002', 'arrhythmia_episode', '2026-06-15T06:20:20Z', '2026-06-15T06:31:11Z', 651, 10.8, 133, 84, NULL, NULL, NULL, NULL, NULL, NULL, 'medium', 'abnormal'),
  ('P002_bradycardia_20260615T101109Z', 'P002', 'SIM_WATCH_P002', 'bradycardia', '2026-06-15T10:11:09Z', '2026-06-15T10:22:53Z', 704, 11.7, 85, 64, -18, -6, -10, -3, -4.0, -2.0, 'medium', 'abnormal'),
  ('P002_hypertension_episode_20260615T105137Z', 'P002', 'SIM_WATCH_P002', 'hypertension_episode', '2026-06-15T10:51:37Z', '2026-06-15T11:32:35Z', 2458, 41.0, 119, 84, 30, 60, 15, 30, -3.0, -1.0, 'high', 'abnormal'),
  ('P002_stress_episode_20260615T121437Z', 'P002', 'SIM_WATCH_P002', 'stress_episode', '2026-06-15T12:14:37Z', '2026-06-15T12:26:55Z', 738, 12.3, 101, 86, 12, 25, 5, 12, -2.0, 0.0, 'low', 'abnormal'),
  ('P002_hypertension_episode_20260615T151310Z', 'P002', 'SIM_WATCH_P002', 'hypertension_episode', '2026-06-15T15:13:10Z', '2026-06-15T15:28:01Z', 891, 14.8, 107, 89, 30, 60, 15, 30, -3.0, -1.0, 'high', 'abnormal'),
  ('P002_hypertension_episode_20260615T182224Z', 'P002', 'SIM_WATCH_P002', 'hypertension_episode', '2026-06-15T18:22:24Z', '2026-06-15T18:56:40Z', 2056, 34.3, 128, 84, 30, 60, 15, 30, -3.0, -1.0, 'high', 'abnormal'),
  ('P003_spo2_drop_20260615T015449Z', 'P003', 'SIM_WATCH_P003', 'spo2_drop', '2026-06-15T01:54:49Z', '2026-06-15T02:05:48Z', 659, 11.0, 98, 83, 5, 15, 2, 6, -8.0, -4.0, 'high', 'abnormal'),
  ('P003_hypertension_episode_20260615T062020Z', 'P003', 'SIM_WATCH_P003', 'hypertension_episode', '2026-06-15T06:20:20Z', '2026-06-15T06:46:30Z', 1570, 26.2, 118, 92, 30, 60, 15, 30, -3.0, -1.0, 'high', 'abnormal'),
  ('P003_hypertension_episode_20260615T070026Z', 'P003', 'SIM_WATCH_P003', 'hypertension_episode', '2026-06-15T07:00:26Z', '2026-06-15T07:18:24Z', 1078, 18.0, 119, 91, 30, 60, 15, 30, -3.0, -1.0, 'high', 'abnormal'),
  ('P003_stress_episode_20260615T090754Z', 'P003', 'SIM_WATCH_P003', 'stress_episode', '2026-06-15T09:07:54Z', '2026-06-15T09:16:54Z', 540, 9.0, 121, 92, 12, 25, 5, 12, -2.0, 0.0, 'low', 'abnormal'),
  ('P003_bradycardia_20260615T131930Z', 'P003', 'SIM_WATCH_P003', 'bradycardia', '2026-06-15T13:19:30Z', '2026-06-15T13:38:59Z', 1169, 19.5, 92, 73, -18, -6, -10, -3, -4.0, -2.0, 'medium', 'abnormal'),
  ('P003_arrhythmia_episode_20260615T162228Z', 'P003', 'SIM_WATCH_P003', 'arrhythmia_episode', '2026-06-15T16:22:28Z', '2026-06-15T16:28:20Z', 352, 5.9, 136, 88, NULL, NULL, NULL, NULL, NULL, NULL, 'medium', 'abnormal'),
  ('P003_hypertension_episode_20260615T195304Z', 'P003', 'SIM_WATCH_P003', 'hypertension_episode', '2026-06-15T19:53:04Z', '2026-06-15T20:14:47Z', 1303, 21.7, 118, 97, 30, 60, 15, 30, -3.0, -1.0, 'high', 'abnormal'),
  ('P003_stress_episode_20260615T224626Z', 'P003', 'SIM_WATCH_P003', 'stress_episode', '2026-06-15T22:46:26Z', '2026-06-15T23:04:25Z', 1079, 18.0, 112, 91, 12, 25, 5, 12, -2.0, 0.0, 'low', 'abnormal'),
  ('P004_spo2_drop_20260615T015449Z', 'P004', 'SIM_WATCH_P004', 'spo2_drop', '2026-06-15T01:54:49Z', '2026-06-15T02:05:48Z', 659, 11.0, 98, 83, 5, 15, 2, 6, -8.0, -4.0, 'high', 'abnormal'),
  ('P004_hypertension_episode_20260615T062020Z', 'P004', 'SIM_WATCH_P004', 'hypertension_episode', '2026-06-15T06:20:20Z', '2026-06-15T06:46:30Z', 1570, 26.2, 118, 92, 30, 60, 15, 30, -3.0, -1.0, 'high', 'abnormal'),
  ('P004_hypertension_episode_20260615T070026Z', 'P004', 'SIM_WATCH_P004', 'hypertension_episode', '2026-06-15T07:00:26Z', '2026-06-15T07:18:24Z', 1078, 18.0, 119, 91, 30, 60, 15, 30, -3.0, -1.0, 'high', 'abnormal'),
  ('P004_stress_episode_20260615T090754Z', 'P004', 'SIM_WATCH_P004', 'stress_episode', '2026-06-15T09:07:54Z', '2026-06-15T09:16:54Z', 540, 9.0, 121, 92, 12, 25, 5, 12, -2.0, 0.0, 'low', 'abnormal'),
  ('P004_bradycardia_20260615T131930Z', 'P004', 'SIM_WATCH_P004', 'bradycardia', '2026-06-15T13:19:30Z', '2026-06-15T13:38:59Z', 1169, 19.5, 92, 73, -18, -6, -10, -3, -4.0, -2.0, 'medium', 'abnormal'),
  ('P004_arrhythmia_episode_20260615T162228Z', 'P004', 'SIM_WATCH_P004', 'arrhythmia_episode', '2026-06-15T16:22:28Z', '2026-06-15T16:28:20Z', 352, 5.9, 136, 88, NULL, NULL, NULL, NULL, NULL, NULL, 'medium', 'abnormal'),
  ('P004_hypertension_episode_20260615T195304Z', 'P004', 'SIM_WATCH_P004', 'hypertension_episode', '2026-06-15T19:53:04Z', '2026-06-15T20:14:47Z', 1303, 21.7, 118, 97, 30, 60, 15, 30, -3.0, -1.0, 'high', 'abnormal'),
  ('P004_stress_episode_20260615T224626Z', 'P004', 'SIM_WATCH_P004', 'stress_episode', '2026-06-15T22:46:26Z', '2026-06-15T23:04:25Z', 1079, 18.0, 112, 91, 12, 25, 5, 12, -2.0, 0.0, 'low', 'abnormal'),
  ('P005_spo2_drop_20260615T015449Z', 'P005', 'SIM_WATCH_P005', 'spo2_drop', '2026-06-15T01:54:49Z', '2026-06-15T02:05:48Z', 659, 11.0, 94, 79, 5, 15, 2, 6, -8.0, -4.0, 'high', 'abnormal'),
  ('P005_hypertension_episode_20260615T062020Z', 'P005', 'SIM_WATCH_P005', 'hypertension_episode', '2026-06-15T06:20:20Z', '2026-06-15T06:46:30Z', 1570, 26.2, 117, 91, 30, 60, 15, 30, -3.0, -1.0, 'high', 'abnormal'),
  ('P005_hypertension_episode_20260615T070026Z', 'P005', 'SIM_WATCH_P005', 'hypertension_episode', '2026-06-15T07:00:26Z', '2026-06-15T07:18:24Z', 1078, 18.0, 118, 90, 30, 60, 15, 30, -3.0, -1.0, 'high', 'abnormal'),
  ('P005_stress_episode_20260615T090754Z', 'P005', 'SIM_WATCH_P005', 'stress_episode', '2026-06-15T09:07:54Z', '2026-06-15T09:16:54Z', 540, 9.0, 147, 91, 12, 25, 5, 12, -2.0, 0.0, 'low', 'abnormal'),
  ('P005_spo2_drop_20260615T095058Z', 'P005', 'SIM_WATCH_P005', 'spo2_drop', '2026-06-15T09:50:58Z', '2026-06-15T09:58:13Z', 435, 7.2, 105, 88, 5, 15, 2, 6, -8.0, -4.0, 'high', 'abnormal'),
  ('P005_bradycardia_20260615T105447Z', 'P005', 'SIM_WATCH_P005', 'bradycardia', '2026-06-15T10:54:47Z', '2026-06-15T11:03:41Z', 534, 8.9, 91, 77, -18, -6, -10, -3, -4.0, -2.0, 'medium', 'abnormal'),
  ('P005_bradycardia_20260615T123437Z', 'P005', 'SIM_WATCH_P005', 'bradycardia', '2026-06-15T12:34:37Z', '2026-06-15T12:53:12Z', 1115, 18.6, 91, 72, -18, -6, -10, -3, -4.0, -2.0, 'medium', 'abnormal'),
  ('P005_hypertension_episode_20260615T142208Z', 'P005', 'SIM_WATCH_P005', 'hypertension_episode', '2026-06-15T14:22:08Z', '2026-06-15T14:53:45Z', 1897, 31.6, 114, 91, 30, 60, 15, 30, -3.0, -1.0, 'high', 'abnormal'),
  ('P006_hypertension_episode_20260615T001039Z', 'P006', 'SIM_WATCH_P006', 'hypertension_episode', '2026-06-15T00:10:39Z', '2026-06-15T00:53:46Z', 2587, 43.1, 102, 73, 30, 60, 15, 30, -3.0, -1.0, 'high', 'abnormal'),
  ('P006_spo2_drop_20260615T031407Z', 'P006', 'SIM_WATCH_P006', 'spo2_drop', '2026-06-15T03:14:07Z', '2026-06-15T03:27:44Z', 817, 13.6, 87, 75, 5, 15, 2, 6, -8.0, -4.0, 'high', 'abnormal'),
  ('P006_arrhythmia_episode_20260615T034958Z', 'P006', 'SIM_WATCH_P006', 'arrhythmia_episode', '2026-06-15T03:49:58Z', '2026-06-15T04:04:53Z', 895, 14.9, 125, 69, NULL, NULL, NULL, NULL, NULL, NULL, 'medium', 'abnormal'),
  ('P006_arrhythmia_episode_20260615T043656Z', 'P006', 'SIM_WATCH_P006', 'arrhythmia_episode', '2026-06-15T04:36:56Z', '2026-06-15T04:52:38Z', 942, 15.7, 125, 84, NULL, NULL, NULL, NULL, NULL, NULL, 'medium', 'abnormal'),
  ('P006_arrhythmia_episode_20260615T062612Z', 'P006', 'SIM_WATCH_P006', 'arrhythmia_episode', '2026-06-15T06:26:12Z', '2026-06-15T06:37:03Z', 651, 10.8, 133, 84, NULL, NULL, NULL, NULL, NULL, NULL, 'medium', 'abnormal'),
  ('P006_hypertension_episode_20260615T072112Z', 'P006', 'SIM_WATCH_P006', 'hypertension_episode', '2026-06-15T07:21:12Z', '2026-06-15T07:37:53Z', 1001, 16.7, 111, 83, 30, 60, 15, 30, -3.0, -1.0, 'high', 'abnormal'),
  ('P006_stress_episode_20260615T075851Z', 'P006', 'SIM_WATCH_P006', 'stress_episode', '2026-06-15T07:58:51Z', '2026-06-15T08:16:52Z', 1081, 18.0, 133, 84, 12, 25, 5, 12, -2.0, 0.0, 'low', 'abnormal'),
  ('P006_arrhythmia_episode_20260615T081953Z', 'P006', 'SIM_WATCH_P006', 'arrhythmia_episode', '2026-06-15T08:19:53Z', '2026-06-15T08:33:39Z', 826, 13.8, 134, 85, NULL, NULL, NULL, NULL, NULL, NULL, 'medium', 'abnormal'),
  ('P006_tachycardia_20260615T084241Z', 'P006', 'SIM_WATCH_P006', 'tachycardia', '2026-06-15T08:42:41Z', '2026-06-15T09:10:40Z', 1679, 28.0, 139, 84, 20, 40, 8, 15, -2.0, -1.0, 'high', 'abnormal'),
  ('P006_arrhythmia_episode_20260615T093503Z', 'P006', 'SIM_WATCH_P006', 'arrhythmia_episode', '2026-06-15T09:35:03Z', '2026-06-15T09:51:22Z', 979, 16.3, 137, 84, NULL, NULL, NULL, NULL, NULL, NULL, 'medium', 'abnormal'),
  ('P006_tachycardia_20260615T102408Z', 'P006', 'SIM_WATCH_P006', 'tachycardia', '2026-06-15T10:24:08Z', '2026-06-15T10:40:22Z', 974, 16.2, 131, 85, 20, 40, 8, 15, -2.0, -1.0, 'high', 'abnormal'),
  ('P006_arrhythmia_episode_20260615T115735Z', 'P006', 'SIM_WATCH_P006', 'arrhythmia_episode', '2026-06-15T11:57:35Z', '2026-06-15T12:06:03Z', 508, 8.5, 110, 84, NULL, NULL, NULL, NULL, NULL, NULL, 'medium', 'abnormal'),
  ('P006_tachycardia_20260615T125513Z', 'P006', 'SIM_WATCH_P006', 'tachycardia', '2026-06-15T12:55:13Z', '2026-06-15T13:10:24Z', 911, 15.2, 129, 83, 20, 40, 8, 15, -2.0, -1.0, 'high', 'abnormal'),
  ('P006_bradycardia_20260615T135929Z', 'P006', 'SIM_WATCH_P006', 'bradycardia', '2026-06-15T13:59:29Z', '2026-06-15T14:10:32Z', 663, 11.1, 84, 66, -18, -6, -10, -3, -4.0, -2.0, 'medium', 'abnormal'),
  ('P006_tachycardia_20260615T143026Z', 'P006', 'SIM_WATCH_P006', 'tachycardia', '2026-06-15T14:30:26Z', '2026-06-15T14:45:27Z', 901, 15.0, 138, 80, 20, 40, 8, 15, -2.0, -1.0, 'high', 'abnormal'),
  ('P006_hypertension_episode_20260615T145325Z', 'P006', 'SIM_WATCH_P006', 'hypertension_episode', '2026-06-15T14:53:25Z', '2026-06-15T15:34:00Z', 2435, 40.6, 122, 87, 30, 60, 15, 30, -3.0, -1.0, 'high', 'abnormal'),
  ('P006_bradycardia_20260615T161801Z', 'P006', 'SIM_WATCH_P006', 'bradycardia', '2026-06-15T16:18:01Z', '2026-06-15T16:26:36Z', 515, 8.6, 84, 71, -18, -6, -10, -3, -4.0, -2.0, 'medium', 'abnormal'),
  ('P006_tachycardia_20260615T163245Z', 'P006', 'SIM_WATCH_P006', 'tachycardia', '2026-06-15T16:32:45Z', '2026-06-15T16:44:13Z', 688, 11.5, 150, 84, 20, 40, 8, 15, -2.0, -1.0, 'high', 'abnormal'),
  ('P006_hypertension_episode_20260615T172327Z', 'P006', 'SIM_WATCH_P006', 'hypertension_episode', '2026-06-15T17:23:27Z', '2026-06-15T17:43:36Z', 1209, 20.1, 120, 83, 30, 60, 15, 30, -3.0, -1.0, 'high', 'abnormal'),
  ('P006_hypertension_episode_20260615T184032Z', 'P006', 'SIM_WATCH_P006', 'hypertension_episode', '2026-06-15T18:40:32Z', '2026-06-15T19:14:48Z', 2056, 34.3, 101, 84, 30, 60, 15, 30, -3.0, -1.0, 'high', 'abnormal'),
  ('P006_tachycardia_20260615T194926Z', 'P006', 'SIM_WATCH_P006', 'tachycardia', '2026-06-15T19:49:26Z', '2026-06-15T20:11:02Z', 1296, 21.6, 133, 85, 20, 40, 8, 15, -2.0, -1.0, 'high', 'abnormal'),
  ('P006_tachycardia_20260615T202608Z', 'P006', 'SIM_WATCH_P006', 'tachycardia', '2026-06-15T20:26:08Z', '2026-06-15T20:51:00Z', 1492, 24.9, 141, 85, 20, 40, 8, 15, -2.0, -1.0, 'high', 'abnormal'),
  ('P006_tachycardia_20260615T211022Z', 'P006', 'SIM_WATCH_P006', 'tachycardia', '2026-06-15T21:10:22Z', '2026-06-15T21:38:29Z', 1687, 28.1, 174, 84, 20, 40, 8, 15, -2.0, -1.0, 'high', 'abnormal'),
  ('P006_hypertension_episode_20260615T221208Z', 'P006', 'SIM_WATCH_P006', 'hypertension_episode', '2026-06-15T22:12:08Z', '2026-06-15T22:42:36Z', 1828, 30.5, 137, 85, 30, 60, 15, 30, -3.0, -1.0, 'high', 'abnormal'),
  ('P006_arrhythmia_episode_20260615T224302Z', 'P006', 'SIM_WATCH_P006', 'arrhythmia_episode', '2026-06-15T22:43:02Z', '2026-06-15T23:01:58Z', 1136, 18.9, 172, 94, NULL, NULL, NULL, NULL, NULL, NULL, 'medium', 'abnormal'),
  ('P006_tachycardia_20260615T230705Z', 'P006', 'SIM_WATCH_P006', 'tachycardia', '2026-06-15T23:07:05Z', '2026-06-15T23:21:29Z', 864, 14.4, 140, 85, 20, 40, 8, 15, -2.0, -1.0, 'high', 'abnormal'),
  ('P006_arrhythmia_episode_20260615T232959Z', 'P006', 'SIM_WATCH_P006', 'arrhythmia_episode', '2026-06-15T23:29:59Z', '2026-06-15T23:46:58Z', 1019, 17.0, 162, 93, NULL, NULL, NULL, NULL, NULL, NULL, 'medium', 'abnormal'),
  ('P007_arrhythmia_episode_20260615T001039Z', 'P007', 'SIM_WATCH_P007', 'arrhythmia_episode', '2026-06-15T00:10:39Z', '2026-06-15T00:29:44Z', 1145, 19.1, 106, 61, NULL, NULL, NULL, NULL, NULL, NULL, 'medium', 'abnormal'),
  ('P007_arrhythmia_episode_20260615T040249Z', 'P007', 'SIM_WATCH_P007', 'arrhythmia_episode', '2026-06-15T04:02:49Z', '2026-06-15T04:06:26Z', 217, 3.6, 116, 61, NULL, NULL, NULL, NULL, NULL, NULL, 'medium', 'abnormal'),
  ('P007_arrhythmia_episode_20260615T040948Z', 'P007', 'SIM_WATCH_P007', 'arrhythmia_episode', '2026-06-15T04:09:48Z', '2026-06-15T04:29:33Z', 1185, 19.8, 107, 64, NULL, NULL, NULL, NULL, NULL, NULL, 'medium', 'abnormal'),
  ('P007_tachycardia_20260615T050058Z', 'P007', 'SIM_WATCH_P007', 'tachycardia', '2026-06-15T05:00:58Z', '2026-06-15T05:20:11Z', 1153, 19.2, 128, 79, 20, 40, 8, 15, -2.0, -1.0, 'high', 'abnormal'),
  ('P007_arrhythmia_episode_20260615T054228Z', 'P007', 'SIM_WATCH_P007', 'arrhythmia_episode', '2026-06-15T05:42:28Z', '2026-06-15T05:52:30Z', 602, 10.0, 139, 71, NULL, NULL, NULL, NULL, NULL, NULL, 'medium', 'abnormal'),
  ('P007_hypertension_episode_20260615T055440Z', 'P007', 'SIM_WATCH_P007', 'hypertension_episode', '2026-06-15T05:54:40Z', '2026-06-15T06:31:26Z', 2206, 36.8, 117, 75, 30, 60, 15, 30, -3.0, -1.0, 'high', 'abnormal'),
  ('P007_arrhythmia_episode_20260615T065842Z', 'P007', 'SIM_WATCH_P007', 'arrhythmia_episode', '2026-06-15T06:58:42Z', '2026-06-15T07:01:43Z', 181, 3.0, 115, 72, NULL, NULL, NULL, NULL, NULL, NULL, 'medium', 'abnormal'),
  ('P007_hypertension_episode_20260615T073702Z', 'P007', 'SIM_WATCH_P007', 'hypertension_episode', '2026-06-15T07:37:02Z', '2026-06-15T08:00:37Z', 1415, 23.6, 110, 77, 30, 60, 15, 30, -3.0, -1.0, 'high', 'abnormal'),
  ('P007_tachycardia_20260615T084147Z', 'P007', 'SIM_WATCH_P007', 'tachycardia', '2026-06-15T08:41:47Z', '2026-06-15T09:09:46Z', 1679, 28.0, 127, 72, 20, 40, 8, 15, -2.0, -1.0, 'high', 'abnormal'),
  ('P007_arrhythmia_episode_20260615T093409Z', 'P007', 'SIM_WATCH_P007', 'arrhythmia_episode', '2026-06-15T09:34:09Z', '2026-06-15T09:50:28Z', 979, 16.3, 125, 72, NULL, NULL, NULL, NULL, NULL, NULL, 'medium', 'abnormal'),
  ('P007_tachycardia_20260615T102314Z', 'P007', 'SIM_WATCH_P007', 'tachycardia', '2026-06-15T10:23:14Z', '2026-06-15T10:39:28Z', 974, 16.2, 119, 73, 20, 40, 8, 15, -2.0, -1.0, 'high', 'abnormal'),
  ('P007_tachycardia_20260615T142654Z', 'P007', 'SIM_WATCH_P007', 'tachycardia', '2026-06-15T14:26:54Z', '2026-06-15T14:41:55Z', 901, 15.0, 126, 71, 20, 40, 8, 15, -2.0, -1.0, 'high', 'abnormal'),
  ('P007_hypertension_episode_20260615T144953Z', 'P007', 'SIM_WATCH_P007', 'hypertension_episode', '2026-06-15T14:49:53Z', '2026-06-15T15:30:28Z', 2435, 40.6, 108, 75, 30, 60, 15, 30, -3.0, -1.0, 'high', 'abnormal'),
  ('P007_stress_episode_20260615T162625Z', 'P007', 'SIM_WATCH_P007', 'stress_episode', '2026-06-15T16:26:25Z', '2026-06-15T16:50:13Z', 1428, 23.8, 95, 73, 12, 25, 5, 12, -2.0, 0.0, 'low', 'abnormal'),
  ('P007_stress_episode_20260615T172848Z', 'P007', 'SIM_WATCH_P007', 'stress_episode', '2026-06-15T17:28:48Z', '2026-06-15T17:53:20Z', 1472, 24.5, 119, 73, 12, 25, 5, 12, -2.0, 0.0, 'low', 'abnormal'),
  ('P007_bradycardia_20260615T182810Z', 'P007', 'SIM_WATCH_P007', 'bradycardia', '2026-06-15T18:28:10Z', '2026-06-15T18:35:41Z', 451, 7.5, 74, 55, -18, -6, -10, -3, -4.0, -2.0, 'medium', 'abnormal'),
  ('P007_bradycardia_20260615T200952Z', 'P007', 'SIM_WATCH_P007', 'bradycardia', '2026-06-15T20:09:52Z', '2026-06-15T20:19:53Z', 601, 10.0, 79, 56, -18, -6, -10, -3, -4.0, -2.0, 'medium', 'abnormal'),
  ('P007_tachycardia_20260615T203635Z', 'P007', 'SIM_WATCH_P007', 'tachycardia', '2026-06-15T20:36:35Z', '2026-06-15T20:46:05Z', 570, 9.5, 112, 71, 20, 40, 8, 15, -2.0, -1.0, 'high', 'abnormal'),
  ('P007_tachycardia_20260615T215706Z', 'P007', 'SIM_WATCH_P007', 'tachycardia', '2026-06-15T21:57:06Z', '2026-06-15T22:16:37Z', 1171, 19.5, 123, 69, 20, 40, 8, 15, -2.0, -1.0, 'high', 'abnormal'),
  ('P007_tachycardia_20260615T221705Z', 'P007', 'SIM_WATCH_P007', 'tachycardia', '2026-06-15T22:17:05Z', '2026-06-15T22:33:02Z', 957, 15.9, 148, 75, 20, 40, 8, 15, -2.0, -1.0, 'high', 'abnormal'),
  ('P008_hypertension_episode_20260615T001039Z', 'P008', 'SIM_WATCH_P008', 'hypertension_episode', '2026-06-15T00:10:39Z', '2026-06-15T00:53:46Z', 2587, 43.1, 90, 61, 30, 60, 15, 30, -3.0, -1.0, 'high', 'abnormal'),
  ('P008_arrhythmia_episode_20260615T062249Z', 'P008', 'SIM_WATCH_P008', 'arrhythmia_episode', '2026-06-15T06:22:49Z', '2026-06-15T06:33:40Z', 651, 10.8, 121, 72, NULL, NULL, NULL, NULL, NULL, NULL, 'medium', 'abnormal'),
  ('P008_tachycardia_20260615T074333Z', 'P008', 'SIM_WATCH_P008', 'tachycardia', '2026-06-15T07:43:33Z', '2026-06-15T08:04:13Z', 1240, 20.7, 114, 72, 20, 40, 8, 15, -2.0, -1.0, 'high', 'abnormal'),
  ('P008_hypertension_episode_20260615T105450Z', 'P008', 'SIM_WATCH_P008', 'hypertension_episode', '2026-06-15T10:54:50Z', '2026-06-15T11:35:48Z', 2458, 41.0, 107, 72, 30, 60, 15, 30, -3.0, -1.0, 'high', 'abnormal'),
  ('P008_tachycardia_20260615T120246Z', 'P008', 'SIM_WATCH_P008', 'tachycardia', '2026-06-15T12:02:46Z', '2026-06-15T12:26:35Z', 1429, 23.8, 120, 72, 20, 40, 8, 15, -2.0, -1.0, 'high', 'abnormal'),
  ('P008_hypertension_episode_20260615T124827Z', 'P008', 'SIM_WATCH_P008', 'hypertension_episode', '2026-06-15T12:48:27Z', '2026-06-15T13:18:56Z', 1829, 30.5, 103, 72, 30, 60, 15, 30, -3.0, -1.0, 'high', 'abnormal'),
  ('P008_hypertension_episode_20260615T140618Z', 'P008', 'SIM_WATCH_P008', 'hypertension_episode', '2026-06-15T14:06:18Z', '2026-06-15T14:18:19Z', 721, 12.0, 91, 71, 30, 60, 15, 30, -3.0, -1.0, 'high', 'abnormal'),
  ('P008_hypertension_episode_20260615T152033Z', 'P008', 'SIM_WATCH_P008', 'hypertension_episode', '2026-06-15T15:20:33Z', '2026-06-15T15:35:24Z', 891, 14.8, 95, 77, 30, 60, 15, 30, -3.0, -1.0, 'high', 'abnormal'),
  ('P008_arrhythmia_episode_20260615T182947Z', 'P008', 'SIM_WATCH_P008', 'arrhythmia_episode', '2026-06-15T18:29:47Z', '2026-06-15T18:44:34Z', 887, 14.8, 137, 69, NULL, NULL, NULL, NULL, NULL, NULL, 'medium', 'abnormal'),
  ('P009_hypertension_episode_20260615T001039Z', 'P009', 'SIM_WATCH_P009', 'hypertension_episode', '2026-06-15T00:10:39Z', '2026-06-15T00:53:46Z', 2587, 43.1, 96, 67, 30, 60, 15, 30, -3.0, -1.0, 'high', 'abnormal'),
  ('P009_hypertension_episode_20260615T062249Z', 'P009', 'SIM_WATCH_P009', 'hypertension_episode', '2026-06-15T06:22:49Z', '2026-06-15T06:48:59Z', 1570, 26.2, 104, 78, 30, 60, 15, 30, -3.0, -1.0, 'high', 'abnormal'),
  ('P009_hypertension_episode_20260615T065543Z', 'P009', 'SIM_WATCH_P009', 'hypertension_episode', '2026-06-15T06:55:43Z', '2026-06-15T07:05:46Z', 603, 10.1, 106, 78, 30, 60, 15, 30, -3.0, -1.0, 'high', 'abnormal'),
  ('P009_tachycardia_20260615T074530Z', 'P009', 'SIM_WATCH_P009', 'tachycardia', '2026-06-15T07:45:30Z', '2026-06-15T08:06:10Z', 1240, 20.7, 120, 78, 20, 40, 8, 15, -2.0, -1.0, 'high', 'abnormal'),
  ('P009_arrhythmia_episode_20260615T092922Z', 'P009', 'SIM_WATCH_P009', 'arrhythmia_episode', '2026-06-15T09:29:22Z', '2026-06-15T09:45:41Z', 979, 16.3, 131, 78, NULL, NULL, NULL, NULL, NULL, NULL, 'medium', 'abnormal'),
  ('P009_hypertension_episode_20260615T132331Z', 'P009', 'SIM_WATCH_P009', 'hypertension_episode', '2026-06-15T13:23:31Z', '2026-06-15T14:07:20Z', 2629, 43.8, 103, 75, 30, 60, 15, 30, -3.0, -1.0, 'high', 'abnormal'),
  ('P009_tachycardia_20260615T155624Z', 'P009', 'SIM_WATCH_P009', 'tachycardia', '2026-06-15T15:56:24Z', '2026-06-15T16:03:11Z', 407, 6.8, 127, 78, 20, 40, 8, 15, -2.0, -1.0, 'high', 'abnormal'),
  ('P009_stress_episode_20260615T172031Z', 'P009', 'SIM_WATCH_P009', 'stress_episode', '2026-06-15T17:20:31Z', '2026-06-15T17:45:03Z', 1472, 24.5, 95, 79, 12, 25, 5, 12, -2.0, 0.0, 'low', 'abnormal'),
  ('P009_spo2_drop_20260615T181344Z', 'P009', 'SIM_WATCH_P009', 'spo2_drop', '2026-06-15T18:13:44Z', '2026-06-15T18:23:20Z', 576, 9.6, 88, 75, 5, 15, 2, 6, -8.0, -4.0, 'high', 'abnormal'),
  ('P009_tachycardia_20260615T193621Z', 'P009', 'SIM_WATCH_P009', 'tachycardia', '2026-06-15T19:36:21Z', '2026-06-15T19:57:57Z', 1296, 21.6, 127, 79, 20, 40, 8, 15, -2.0, -1.0, 'high', 'abnormal'),
  ('P009_tachycardia_20260615T202914Z', 'P009', 'SIM_WATCH_P009', 'tachycardia', '2026-06-15T20:29:14Z', '2026-06-15T20:38:44Z', 570, 9.5, 118, 77, 20, 40, 8, 15, -2.0, -1.0, 'high', 'abnormal'),
  ('P009_hypertension_episode_20260615T215544Z', 'P009', 'SIM_WATCH_P009', 'hypertension_episode', '2026-06-15T21:55:44Z', '2026-06-15T22:26:12Z', 1828, 30.5, 131, 76, 30, 60, 15, 30, -3.0, -1.0, 'high', 'abnormal'),
  ('P010_hypertension_episode_20260615T001039Z', 'P010', 'SIM_WATCH_P010', 'hypertension_episode', '2026-06-15T00:10:39Z', '2026-06-15T00:53:46Z', 2587, 43.1, 114, 85, 30, 60, 15, 30, -3.0, -1.0, 'high', 'abnormal'),
  ('P010_stress_episode_20260615T031407Z', 'P010', 'SIM_WATCH_P010', 'stress_episode', '2026-06-15T03:14:07Z', '2026-06-15T03:41:35Z', 1648, 27.5, 102, 87, 12, 25, 5, 12, -2.0, 0.0, 'low', 'abnormal'),
  ('P010_arrhythmia_episode_20260615T041329Z', 'P010', 'SIM_WATCH_P010', 'arrhythmia_episode', '2026-06-15T04:13:29Z', '2026-06-15T04:33:14Z', 1185, 19.8, 141, 88, NULL, NULL, NULL, NULL, NULL, NULL, 'medium', 'abnormal'),
  ('P010_tachycardia_20260615T050439Z', 'P010', 'SIM_WATCH_P010', 'tachycardia', '2026-06-15T05:04:39Z', '2026-06-15T05:23:52Z', 1153, 19.2, 155, 106, 20, 40, 8, 15, -2.0, -1.0, 'high', 'abnormal'),
  ('P010_arrhythmia_episode_20260615T054609Z', 'P010', 'SIM_WATCH_P010', 'arrhythmia_episode', '2026-06-15T05:46:09Z', '2026-06-15T05:56:11Z', 602, 10.0, 165, 98, NULL, NULL, NULL, NULL, NULL, NULL, 'medium', 'abnormal'),
  ('P010_arrhythmia_episode_20260615T060332Z', 'P010', 'SIM_WATCH_P010', 'arrhythmia_episode', '2026-06-15T06:03:32Z', '2026-06-15T06:17:13Z', 821, 13.7, 153, 94, NULL, NULL, NULL, NULL, NULL, NULL, 'medium', 'abnormal'),
  ('P010_hypertension_episode_20260615T063620Z', 'P010', 'SIM_WATCH_P010', 'hypertension_episode', '2026-06-15T06:36:20Z', '2026-06-15T06:52:27Z', 967, 16.1, 128, 100, 30, 60, 15, 30, -3.0, -1.0, 'high', 'abnormal'),
  ('P010_tachycardia_20260615T070648Z', 'P010', 'SIM_WATCH_P010', 'tachycardia', '2026-06-15T07:06:48Z', '2026-06-15T07:36:42Z', 1794, 29.9, 156, 100, 20, 40, 8, 15, -2.0, -1.0, 'high', 'abnormal'),
  ('P010_tachycardia_20260615T075533Z', 'P010', 'SIM_WATCH_P010', 'tachycardia', '2026-06-15T07:55:33Z', '2026-06-15T08:01:23Z', 350, 5.8, 147, 107, 20, 40, 8, 15, -2.0, -1.0, 'high', 'abnormal'),
  ('P010_tachycardia_20260615T102847Z', 'P010', 'SIM_WATCH_P010', 'tachycardia', '2026-06-15T10:28:47Z', '2026-06-15T10:57:49Z', 1742, 29.0, 158, 100, 20, 40, 8, 15, -2.0, -1.0, 'high', 'abnormal'),
  ('P010_tachycardia_20260615T142821Z', 'P010', 'SIM_WATCH_P010', 'tachycardia', '2026-06-15T14:28:21Z', '2026-06-15T14:43:22Z', 901, 15.0, 153, 93, 20, 40, 8, 15, -2.0, -1.0, 'high', 'abnormal'),
  ('P010_hypertension_episode_20260615T145120Z', 'P010', 'SIM_WATCH_P010', 'hypertension_episode', '2026-06-15T14:51:20Z', '2026-06-15T15:31:55Z', 2435, 40.6, 137, 102, 30, 60, 15, 30, -3.0, -1.0, 'high', 'abnormal'),
  ('P010_stress_episode_20260615T162752Z', 'P010', 'SIM_WATCH_P010', 'stress_episode', '2026-06-15T16:27:52Z', '2026-06-15T16:51:40Z', 1428, 23.8, 122, 100, 12, 25, 5, 12, -2.0, 0.0, 'low', 'abnormal'),
  ('P010_stress_episode_20260615T173015Z', 'P010', 'SIM_WATCH_P010', 'stress_episode', '2026-06-15T17:30:15Z', '2026-06-15T17:54:47Z', 1472, 24.5, 145, 100, 12, 25, 5, 12, -2.0, 0.0, 'low', 'abnormal'),
  ('P010_hypertension_episode_20260615T182937Z', 'P010', 'SIM_WATCH_P010', 'hypertension_episode', '2026-06-15T18:29:37Z', '2026-06-15T18:45:29Z', 952, 15.9, 139, 99, 30, 60, 15, 30, -3.0, -1.0, 'high', 'abnormal'),
  ('P010_tachycardia_20260615T202137Z', 'P010', 'SIM_WATCH_P010', 'tachycardia', '2026-06-15T20:21:37Z', '2026-06-15T20:46:29Z', 1492, 24.9, 156, 100, 20, 40, 8, 15, -2.0, -1.0, 'high', 'abnormal')
ON CONFLICT (episode_id) DO NOTHING;

-- Summary: 10 patients | 10 devices | 170 lab results | 126 episodes
